Job,Housing,Credit amount,Duration,Purpose,Risk,CustomerID
2,own,1169,6,radio/TV,good,C1938652
2,own,5951,48,radio/TV,bad,C8016323
1,own,2096,12,education,good,C5141487
2,free,7882,42,furniture/equipment,good,C7035854
2,free,4870,24,car,bad,C5442952
1,free,9055,36,education,good,C1024446
2,own,2835,24,furniture/equipment,good,C2327977
3,rent,6948,36,car,good,C4911959
1,own,3059,12,radio/TV,good,C2432468
3,own,5234,30,car,bad,C8021714
2,rent,1295,12,car,bad,C7066231
2,rent,4308,48,business,bad,C5535053
2,own,1567,12,radio/TV,good,C1846756
1,own,1199,24,car,bad,C8324776
2,rent,1403,15,car,good,C8423415
1,own,1282,24,radio/TV,bad,C4034660
2,own,2424,24,radio/TV,good,C5530857
2,own,8072,30,business,good,C5153883
3,free,12579,24,car,bad,C7239331
2,own,3430,24,radio/TV,good,C3819237
2,own,2134,9,car,good,C4039890
2,rent,2647,6,radio/TV,good,C4919124
1,rent,2241,10,car,good,C7726218
2,own,1804,12,car,good,C2437267
2,own,2069,10,furniture/equipment,good,C3055933
1,own,1374,6,furniture/equipment,good,C2428559
1,own,426,6,radio/TV,good,C1434457
2,rent,409,12,radio/TV,good,C7734984
2,own,2415,7,radio/TV,good,C6098173
2,own,6836,60,business,bad,C4025412
2,own,1913,18,business,good,C3428940
2,own,4020,24,furniture/equipment,good,C6855954
2,own,5866,18,car,good,C1312653
1,rent,1264,12,business,good,C1034736
3,own,1474,12,furniture/equipment,good,C8341066
1,own,4746,45,radio/TV,bad,C4416763
2,free,6110,48,education,good,C2336014
2,own,2100,18,radio/TV,bad,C1426353
2,own,1225,10,domestic appliances,good,C5317748
2,own,458,9,radio/TV,good,C6828630
3,own,2333,30,radio/TV,good,C1415429
2,own,1158,12,radio/TV,good,C6338745
1,own,6204,18,repairs,good,C2532676
2,rent,6187,30,car,good,C4538482
1,free,6143,48,car,bad,C2138137
3,own,1393,11,car,good,C4655929
2,own,2299,36,radio/TV,good,C1812011
0,rent,1352,6,car,good,C7024520
1,own,7228,11,car,good,C3322643
2,own,2073,12,radio/TV,good,C2129945
1,own,2333,24,furniture/equipment,good,C2324681
3,own,5965,27,car,good,C5583771
2,own,1262,12,radio/TV,good,C7537339
2,own,3378,18,car,good,C5723419
2,free,2225,36,car,bad,C1133446
1,own,783,6,car,good,C7633165
3,own,6468,12,radio/TV,bad,C6241279
2,own,9566,36,radio/TV,good,C3131321
3,own,1961,18,car,good,C6034846
1,rent,6229,36,furniture/equipment,bad,C8284465
2,own,1391,9,business,good,C6221837
2,own,1537,15,radio/TV,good,C5830618
3,free,1953,36,business,bad,C8111835
2,own,14421,48,business,bad,C3213922
2,own,3181,24,radio/TV,good,C3713445
2,own,5190,27,repairs,good,C4943523
2,own,2171,12,radio/TV,good,C5417658
2,own,1007,12,car,good,C7528643
2,free,1819,36,education,bad,C6939933
2,own,2394,36,radio/TV,good,C4027691
2,own,8133,36,car,good,C1912876
1,rent,730,7,radio/TV,good,C4914558
3,free,1164,8,vacation/others,good,C1293723
1,own,5954,42,business,good,C5641456
3,own,1977,36,education,bad,C3099054
3,free,1526,12,car,good,C2134185
2,own,3965,42,radio/TV,bad,C5049760
2,own,4771,11,radio/TV,good,C1936818
1,own,9436,54,car,good,C3191454
2,own,3832,30,furniture/equipment,good,C7816192
2,own,5943,24,radio/TV,bad,C2620556
2,own,1213,15,radio/TV,good,C5120752
1,rent,1568,18,business,good,C7838766
1,own,1755,24,vacation/others,good,C4678121
1,own,2315,10,radio/TV,good,C4541318
3,own,1412,12,business,good,C4428016
2,own,1295,18,furniture/equipment,good,C5034715
2,free,12612,36,education,bad,C8440388
3,own,2249,18,car,good,C4528744
2,own,1108,12,repairs,bad,C8043184
2,own,618,12,radio/TV,good,C7812861
2,own,1409,12,car,good,C2748957
1,own,797,12,radio/TV,bad,C8334679
2,rent,3617,24,furniture/equipment,good,C3419269
2,own,1318,12,car,good,C5426354
2,rent,15945,54,business,bad,C4838272
2,own,2012,12,education,good,C3039631
2,own,2622,18,business,good,C4428286
2,own,2337,36,radio/TV,good,C7815326
3,rent,7057,20,car,good,C2125066
1,rent,1469,24,car,good,C2961779
2,rent,2323,36,radio/TV,good,C6710963
2,own,932,6,radio/TV,good,C1030415
2,rent,1919,9,furniture/equipment,good,C5221090
2,rent,2445,12,car,good,C5712549
3,own,11938,24,vacation/others,bad,C9036328
3,own,6458,18,car,bad,C9012544
2,own,6078,12,car,good,C5528626
2,own,7721,24,furniture/equipment,good,C3675789
2,own,1410,14,business,good,C2230963
2,own,1449,6,business,good,C5723483
2,rent,392,15,education,good,C5220838
1,rent,6260,18,car,good,C3914412
2,own,7855,36,car,bad,C3937036
2,own,1680,12,radio/TV,good,C4334174
2,own,3578,48,radio/TV,good,C7838716
3,own,7174,42,radio/TV,bad,C1032949
2,rent,2132,10,furniture/equipment,good,C8012690
2,own,4281,33,furniture/equipment,bad,C4122664
3,own,2366,12,car,good,C6414760
2,own,1835,21,radio/TV,bad,C1633188
3,rent,3868,24,car,good,C1631644
1,rent,1768,12,furniture/equipment,good,C1694833
2,free,781,10,car,good,C1716139
2,rent,1924,18,furniture/equipment,bad,C9015085
2,own,2121,12,car,good,C5533233
1,own,701,12,radio/TV,good,C5950951
2,own,639,12,repairs,bad,C1234819
3,own,1860,12,car,good,C2332117
2,own,3499,12,car,bad,C3385872
2,own,8487,48,car,good,C2318362
2,own,6887,36,education,bad,C2838192
1,own,2708,15,furniture/equipment,good,C2639232
2,free,1984,18,furniture/equipment,good,C4427177
2,own,10144,60,radio/TV,good,C4432191
2,own,1240,12,radio/TV,good,C6241556
2,own,8613,27,car,good,C1939285
1,own,766,12,radio/TV,bad,C3196648
2,own,2728,15,radio/TV,good,C8113048
1,rent,1881,12,radio/TV,good,C5828413
0,own,709,6,car,good,C2621329
3,own,4795,36,radio/TV,good,C2933273
3,own,3416,27,radio/TV,good,C5422373
2,own,2462,18,furniture/equipment,bad,C6540412
2,own,2288,21,furniture/equipment,good,C1225648
2,own,3566,48,business,good,C3342337
2,own,860,6,car,good,C4328314
2,own,682,12,car,good,C3722636
2,own,5371,36,furniture/equipment,good,C5512830
2,own,1582,18,radio/TV,good,C2811744
2,free,1346,6,radio/TV,good,C5516014
2,own,1924,10,radio/TV,good,C7417573
2,own,5848,36,radio/TV,good,C4836324
2,rent,7758,24,car,good,C6427562
3,rent,6967,24,business,good,C4322718
2,rent,1282,12,furniture/equipment,bad,C4017173
2,own,1288,9,repairs,good,C6925874
1,own,339,12,education,good,C3819623
2,own,3512,24,car,good,C1035121
1,own,1898,6,radio/TV,good,C8070520
2,own,2872,24,radio/TV,good,C2920833
2,own,1055,18,car,good,C8017631
2,own,1262,15,domestic appliances,good,C7994385
3,free,7308,10,car,good,C7966278
2,own,909,36,car,good,C6814663
2,own,2978,6,furniture/equipment,good,C5793556
2,own,1131,18,furniture/equipment,bad,C1727450
2,own,1577,11,furniture/equipment,good,C6612721
2,rent,3972,24,furniture/equipment,good,C6227143
2,own,1935,24,business,bad,C5670460
2,rent,950,15,car,bad,C7318144
2,own,763,12,furniture/equipment,good,C8014737
3,own,2064,24,furniture/equipment,bad,C6631368
2,own,1414,8,radio/TV,good,C7742258
2,own,3414,21,education,bad,C1049877
3,own,7485,30,car,bad,C3937540
2,own,2577,12,furniture/equipment,good,C6897822
2,own,338,6,radio/TV,good,C5716158
3,rent,1963,12,radio/TV,good,C5037973
2,own,571,21,car,good,C2464236
2,own,9572,36,business,bad,C7510176
3,own,4455,36,business,bad,C3713092
1,own,1647,21,car,bad,C3415550
2,own,3777,24,furniture/equipment,good,C7929369
2,own,884,18,car,bad,C5528055
2,own,1360,15,radio/TV,good,C7910624
3,free,5129,9,car,bad,C3843089
0,free,1175,16,car,good,C2121817
2,own,674,12,radio/TV,bad,C4020728
2,own,3244,18,furniture/equipment,good,C6223244
3,own,4591,24,business,bad,C1422556
1,free,3844,48,business,bad,C4411635
2,own,3915,27,business,bad,C7122266
2,rent,2108,6,radio/TV,good,C2713439
2,rent,3031,45,radio/TV,bad,C5013545
3,own,1501,9,education,bad,C4686146
2,own,1382,6,radio/TV,good,C7924472
2,rent,951,12,furniture/equipment,bad,C2835174
2,free,2760,24,car,good,C7121781
3,own,4297,18,furniture/equipment,bad,C4636261
2,own,936,9,education,good,C8862657
1,own,1168,12,car,good,C3117236
2,own,5117,27,business,good,C6780544
2,rent,902,12,education,bad,C3367551
1,own,1495,12,car,good,C1927434
3,free,10623,30,car,good,C1543580
2,own,1935,12,furniture/equipment,good,C1642547
2,own,1424,12,domestic appliances,good,C8639832
1,own,6568,24,business,good,C8036992
2,own,1413,12,car,good,C2624350
2,own,3074,9,radio/TV,good,C8627449
1,own,3835,36,radio/TV,good,C4050882
2,own,5293,27,business,bad,C1031612
3,own,1908,30,business,bad,C3861477
2,own,3342,36,radio/TV,good,C3614667
1,own,932,6,education,good,C5036592
2,own,3104,18,business,good,C7822085
2,own,3913,36,radio/TV,good,C1627651
1,rent,3021,24,furniture/equipment,good,C2714343
2,own,1364,10,car,good,C8616290
1,own,625,12,radio/TV,good,C6448034
2,rent,1200,12,education,good,C7449814
2,own,707,12,radio/TV,good,C2433979
2,own,2978,24,business,good,C1516417
2,own,4657,15,car,good,C1694066
2,own,2613,36,repairs,good,C4614919
2,own,10961,48,radio/TV,bad,C1010413
3,free,7865,12,furniture/equipment,bad,C6415241
2,own,1478,9,radio/TV,bad,C9036068
2,free,3149,24,furniture/equipment,good,C5578819
2,own,4210,36,radio/TV,bad,C4436181
1,free,2507,9,car,good,C7641729
2,own,2141,12,radio/TV,good,C6729054
1,own,866,18,radio/TV,good,C4913779
1,own,1544,4,radio/TV,good,C5114484
3,own,1823,24,radio/TV,bad,C8941429
0,own,14555,6,car,bad,C7413417
1,rent,2767,21,business,bad,C4811988
2,own,1291,12,radio/TV,good,C7210625
2,own,2522,30,radio/TV,good,C8118344
2,own,915,24,car,bad,C5463216
2,own,1595,6,radio/TV,good,C2422772
2,free,4605,48,car,bad,C6273578
2,own,1185,12,business,good,C6024052
1,own,3447,12,education,good,C2222885
2,own,1258,24,business,good,C5637757
2,own,717,12,radio/TV,good,C6730028
2,rent,1204,6,car,good,C4039884
2,own,1925,24,furniture/equipment,good,C5217219
2,rent,433,18,radio/TV,bad,C8027258
1,own,666,6,car,good,C8713867
1,own,2251,12,furniture/equipment,good,C4734292
2,own,2150,30,car,bad,C4440837
2,own,4151,24,furniture/equipment,good,C8330366
2,own,2030,9,furniture/equipment,good,C8725634
1,own,7418,60,radio/TV,good,C6314829
1,own,2684,24,radio/TV,good,C2313646
2,free,2149,12,radio/TV,bad,C7240665
2,own,3812,15,car,good,C2315526
1,own,1154,11,radio/TV,good,C5725511
2,own,1657,12,furniture/equipment,good,C3432715
2,own,1603,24,radio/TV,good,C5054959
3,free,5302,18,car,good,C2212960
1,free,2748,12,education,good,C7529123
1,own,1231,10,car,good,C1433150
2,own,802,15,radio/TV,bad,C6919463
2,own,6304,36,business,good,C5437561
2,own,1533,24,radio/TV,good,C2627439
3,own,8978,14,car,bad,C8930017
2,own,999,24,radio/TV,good,C6713360
2,own,2662,18,car,good,C6020753
2,rent,1402,12,furniture/equipment,good,C1121638
3,free,12169,48,car,good,C3124452
2,own,3060,48,radio/TV,bad,C6139825
1,own,11998,30,repairs,bad,C6339970
2,own,2697,9,radio/TV,good,C8445444
2,own,2404,18,radio/TV,good,C3827774
1,own,1262,12,furniture/equipment,good,C1350444
2,own,4611,6,furniture/equipment,bad,C6212823
3,rent,1901,24,radio/TV,good,C6116118
2,rent,3368,15,car,good,C8419221
2,own,1574,12,furniture/equipment,good,C1442729
1,own,1445,18,radio/TV,good,C8416968
2,own,1520,15,furniture/equipment,good,C2021426
2,own,3878,24,car,good,C3633585
1,own,10722,47,car,good,C7659049
2,own,4788,48,car,good,C4659779
3,free,7582,48,vacation/others,good,C4212084
2,own,1092,12,radio/TV,good,C4330253
2,own,1024,24,radio/TV,bad,C5724515
2,own,1076,12,business,good,C1617353
3,rent,9398,36,car,bad,C6137731
3,free,6419,24,car,good,C2936761
2,free,4796,42,car,good,C2217328
3,own,7629,48,business,good,C6738246
2,own,9960,48,furniture/equipment,bad,C5914069
2,rent,4675,12,car,good,C5729234
1,own,1287,10,car,good,C9017528
2,own,2515,18,furniture/equipment,good,C8232478
2,own,2745,21,furniture/equipment,good,C5054313
0,own,672,6,car,good,C1836615
2,own,3804,36,radio/TV,bad,C6583620
1,own,1344,24,car,bad,C5856314
2,own,1038,10,car,good,C7122169
2,free,10127,48,car,bad,C8237868
2,own,1543,6,furniture/equipment,good,C6430657
1,rent,4811,30,car,good,C6210555
1,own,727,12,radio/TV,bad,C3867376
2,own,1237,8,furniture/equipment,bad,C1619019
1,rent,276,9,car,good,C4724451
0,free,5381,48,vacation/others,good,C2166711
2,own,5511,24,furniture/equipment,good,C7142019
2,own,3749,24,furniture/equipment,good,C5431040
1,own,685,12,car,bad,C3833245
1,own,1494,4,car,good,C7730150
2,own,2746,36,furniture/equipment,bad,C1824141
1,own,708,12,furniture/equipment,good,C7699632
1,own,4351,24,furniture/equipment,good,C8327116
2,own,701,12,education,good,C3633390
1,own,3643,15,furniture/equipment,good,C1312425
3,own,4249,30,car,bad,C2832229
2,own,1938,24,radio/TV,bad,C6715815
3,free,2910,24,car,good,C2968317
2,own,2659,18,furniture/equipment,good,C2335173
2,own,1028,18,car,good,C4822973
1,own,3398,8,car,good,C5155145
2,rent,5801,12,furniture/equipment,good,C2533175
2,own,1525,24,car,good,C1414917
2,own,4473,36,radio/TV,good,C2256815
2,own,1068,6,radio/TV,good,C4941062
3,free,6615,24,car,good,C8439015
2,own,1864,18,education,bad,C8427619
3,own,7408,60,car,bad,C5240490
1,rent,11590,48,car,bad,C4639963
2,rent,4110,24,furniture/equipment,bad,C6942341
3,rent,3384,6,furniture/equipment,bad,C3618786
1,own,2101,13,radio/TV,good,C7385176
2,rent,1275,15,domestic appliances,bad,C1736116
2,own,4169,24,furniture/equipment,good,C4295038
1,own,1521,10,furniture/equipment,good,C8019212
2,free,5743,24,education,good,C2323330
1,rent,3599,21,furniture/equipment,good,C2319933
2,rent,3213,18,radio/TV,good,C2533855
3,own,4439,18,business,good,C5633440
1,own,3949,10,car,good,C8017375
1,own,1459,15,radio/TV,good,C4635764
2,own,882,13,radio/TV,good,C7839175
0,rent,3758,24,radio/TV,good,C8525682
1,own,1743,6,business,good,C5828775
2,free,1136,9,education,bad,C1416721
2,rent,1236,9,domestic appliances,good,C2216655
2,own,959,9,furniture/equipment,bad,C2818947
3,own,3229,18,car,good,C6424571
2,rent,6199,12,radio/TV,bad,C4243422
2,free,727,10,education,good,C2044636
1,own,1246,24,car,bad,C7840526
2,own,2331,12,radio/TV,good,C4592386
3,own,4463,36,radio/TV,bad,C3316631
2,own,776,12,radio/TV,good,C7138131
2,rent,2406,30,furniture/equipment,bad,C1513689
2,free,1239,18,education,good,C5016992
3,own,3399,12,radio/TV,good,C8435940
2,own,2247,12,car,good,C7731989
2,rent,1766,6,furniture/equipment,good,C2711332
0,own,2473,18,furniture/equipment,bad,C2118412
2,own,1542,12,business,good,C7517330
2,own,3850,18,car,good,C7421475
2,rent,3650,18,furniture/equipment,good,C6637388
2,own,3446,36,furniture/equipment,bad,C5622532
2,rent,3001,18,furniture/equipment,good,C8023086
2,own,3079,36,car,good,C3127578
2,own,6070,18,radio/TV,good,C2339538
2,rent,2146,10,furniture/equipment,good,C4631927
3,free,13756,60,car,good,C4422671
3,free,14782,60,vacation/others,bad,C6832564
2,rent,7685,48,business,bad,C8121742
2,own,2320,18,radio/TV,good,C4742133
2,free,846,7,radio/TV,good,C3927332
3,free,14318,36,car,bad,C7025663
1,own,362,6,car,good,C1725213
2,own,2212,20,furniture/equipment,good,C7624259
3,free,12976,18,car,bad,C5022084
2,rent,1283,22,car,good,C4920578
2,own,1330,12,car,good,C3729967
1,own,4272,30,business,good,C8570233
2,own,2238,18,radio/TV,good,C3517288
2,rent,1126,18,radio/TV,good,C3036086
3,own,7374,18,furniture/equipment,good,C7541125
2,own,2326,15,business,good,C2682186
2,own,1449,9,business,good,C1710984
3,own,1820,18,car,good,C7341121
1,rent,983,12,furniture/equipment,good,C7119665
3,free,3249,36,car,good,C8126839
2,own,1957,6,radio/TV,good,C4417351
3,own,2406,9,furniture/equipment,good,C7070052
2,rent,11760,39,education,good,C3013892
3,free,2578,12,furniture/equipment,good,C7035412
2,own,2348,36,furniture/equipment,good,C8320269
2,rent,1223,12,car,bad,C4026839
1,own,1516,24,radio/TV,good,C5531778
2,own,1473,18,radio/TV,good,C4725279
2,own,1887,18,business,good,C6711927
2,own,8648,24,business,bad,C8119619
1,own,802,14,car,good,C2533729
2,own,2899,18,car,good,C6217041
2,own,2039,24,radio/TV,bad,C5225764
2,own,2197,24,car,good,C7614657
2,own,1053,15,radio/TV,good,C2922479
3,own,3235,24,radio/TV,good,C1810771
2,own,939,12,car,bad,C7930782
2,own,1967,24,radio/TV,good,C1935566
3,own,7253,33,car,good,C3220266
3,own,2292,12,business,bad,C7521368
1,rent,1597,10,car,good,C6435850
2,own,1381,24,car,bad,C6017726
2,own,5842,36,car,good,C5842545
1,own,2579,12,car,bad,C2442691
2,rent,8471,18,education,good,C6222482
3,own,2782,21,car,good,C7726316
2,own,1042,18,car,bad,C7418062
2,rent,3186,15,car,good,C2641177
2,own,2028,12,car,good,C2024545
1,own,958,12,car,good,C8489664
3,own,1591,21,furniture/equipment,good,C7191112
2,own,2762,12,furniture/equipment,bad,C8364651
2,rent,2779,18,car,good,C7414857
2,own,2743,28,radio/TV,good,C6221334
2,own,1149,18,radio/TV,good,C6942412
2,own,1313,9,furniture/equipment,good,C5726267
0,free,1190,18,repairs,bad,C1133932
1,own,3448,5,business,good,C1320663
3,own,11328,24,vacation/others,bad,C6936025
3,free,1872,6,furniture/equipment,good,C2414335
2,own,2058,24,repairs,good,C7110942
2,own,2136,9,furniture/equipment,good,C2940277
2,own,1484,12,radio/TV,bad,C6323390
1,rent,660,6,repairs,good,C2626876
2,own,1287,24,car,good,C8420654
0,own,3394,42,repairs,good,C1363243
0,own,609,12,business,bad,C5032368
3,own,1884,12,car,good,C3027152
2,own,1620,12,furniture/equipment,good,C7438449
2,own,2629,20,vacation/others,good,C7038467
1,own,719,12,education,bad,C8525678
3,own,5096,48,furniture/equipment,bad,C7226385
1,rent,1244,9,education,good,C7956076
2,own,1842,36,car,bad,C6373085
2,own,2576,7,radio/TV,good,C8829467
3,own,1424,12,furniture/equipment,good,C2032519
2,own,1512,15,repairs,bad,C6436285
3,own,11054,36,car,good,C3533318
2,own,518,6,radio/TV,good,C3033174
2,own,2759,12,furniture/equipment,good,C7048763
3,own,2670,24,car,good,C3324474
2,own,4817,24,car,bad,C1010014
3,own,2679,24,car,good,C8932324
2,rent,3905,11,car,good,C1713148
2,free,3386,12,car,bad,C5513931
2,own,343,6,domestic appliances,good,C3610638
2,own,4594,18,radio/TV,good,C3430548
2,own,3620,36,furniture/equipment,good,C8138070
2,own,1721,15,car,good,C3139645
3,rent,3017,12,furniture/equipment,good,C4426191
2,own,754,12,education,good,C2020887
2,own,1950,18,business,good,C5010921
2,own,2924,24,car,good,C2925751
1,rent,1659,24,radio/TV,bad,C5021984
2,own,7238,48,radio/TV,good,C7034964
2,own,2764,33,business,good,C5629750
1,own,4679,24,car,good,C6324851
2,rent,3092,24,radio/TV,bad,C8486463
2,own,448,6,education,bad,C2510118
1,own,654,9,car,bad,C7846453
3,own,1238,6,education,good,C2533172
2,own,1245,18,radio/TV,bad,C7310578
2,rent,3114,18,furniture/equipment,bad,C5612811
2,own,2569,39,car,good,C7769251
2,own,5152,24,radio/TV,good,C6017817
1,own,1037,12,business,good,C3830188
2,own,1478,15,furniture/equipment,good,C5136562
1,own,3573,12,radio/TV,good,C7689090
2,own,1201,24,car,good,C6525449
2,rent,3622,30,furniture/equipment,good,C8631841
2,own,960,15,furniture/equipment,good,C5162647
2,own,1163,12,car,good,C1568879
3,own,1209,6,car,bad,C3921512
2,own,3077,12,radio/TV,good,C2417415
2,free,3757,24,car,good,C7932685
1,rent,1418,10,car,good,C5930672
2,rent,3518,6,car,good,C1033159
2,own,1934,12,radio/TV,good,C5040351
3,free,8318,27,business,bad,C4617973
2,own,1237,6,radio/TV,good,C2423987
2,own,368,6,radio/TV,good,C3925430
1,rent,2122,12,car,good,C2520378
2,own,2996,24,furniture/equipment,bad,C2440682
3,rent,9034,36,furniture/equipment,bad,C6988226
2,own,1585,24,furniture/equipment,good,C7622115
1,own,1301,18,radio/TV,good,C5124180
2,own,1323,6,car,good,C2041148
2,own,3123,24,car,bad,C6534886
2,free,5493,36,car,good,C8917572
2,own,1126,9,radio/TV,good,C7541578
2,own,1216,24,radio/TV,bad,C2676521
2,rent,1207,24,car,bad,C7321527
1,own,1309,10,car,bad,C9037242
2,own,2360,15,car,good,C3123591
3,own,6850,15,car,bad,C6655168
2,own,1413,24,radio/TV,good,C7315285
3,own,8588,39,car,good,C6724330
2,own,759,12,car,bad,C8025153
3,free,4686,36,car,good,C1138469
2,rent,2687,15,business,good,C7041641
2,rent,585,12,radio/TV,good,C1185657
2,own,2255,24,car,good,C5450789
2,own,609,6,car,good,C6930689
1,own,1361,6,car,good,C1020852
2,rent,7127,36,furniture/equipment,bad,C3718592
2,own,1203,6,car,good,C7034050
2,free,700,6,radio/TV,good,C8422278
2,free,5507,24,repairs,good,C5740458
2,own,3190,18,radio/TV,bad,C7782329
2,free,7119,48,furniture/equipment,bad,C6216316
2,own,3488,24,car,good,C2139512
1,own,1113,18,radio/TV,good,C6821542
2,own,7966,26,car,good,C5533891
2,own,1532,15,education,good,C4348757
1,own,1503,4,radio/TV,good,C6424950
2,rent,2302,36,radio/TV,bad,C7432046
1,own,662,6,car,good,C3138453
2,own,2273,36,education,good,C2720169
2,rent,2631,15,car,bad,C2822067
2,rent,1503,12,car,good,C8331991
2,own,1311,24,radio/TV,good,C1433478
2,own,3105,24,radio/TV,good,C8341764
2,rent,2319,21,education,bad,C5716824
3,own,1374,6,car,good,C5614645
2,own,3612,18,furniture/equipment,good,C6812313
3,free,7763,48,car,bad,C3073923
1,own,3049,18,furniture/equipment,good,C6034480
2,rent,1534,12,radio/TV,bad,C4326271
2,free,2032,24,car,good,C6659123
2,own,6350,30,furniture/equipment,bad,C1129074
1,own,2864,18,furniture/equipment,bad,C8937512
1,own,1255,12,car,good,C8314468
2,free,1333,24,car,bad,C5432467
2,own,2022,24,car,good,C1326971
2,own,1552,24,radio/TV,good,C4233613
1,own,626,12,radio/TV,bad,C5610022
2,free,8858,48,car,good,C5838584
2,own,996,12,repairs,good,C4124742
1,own,1750,6,radio/TV,good,C3424730
2,own,6999,48,radio/TV,bad,C8730631
2,own,1995,12,car,good,C3725342
3,own,1199,9,education,good,C2023819
2,own,1331,12,radio/TV,bad,C5925782
2,own,2278,18,car,bad,C2942745
2,own,5003,21,car,bad,C1019941
2,own,3552,24,furniture/equipment,bad,C8067212
1,own,1928,18,furniture/equipment,bad,C2725881
2,free,2964,24,car,good,C2432919
1,rent,1546,24,radio/TV,bad,C1741963
2,own,683,6,radio/TV,good,C8487769
2,free,12389,36,car,bad,C6428770
3,own,4712,24,business,good,C2490541
2,rent,1553,24,radio/TV,good,C4735790
2,own,1372,12,car,bad,C7921654
2,own,2578,24,radio/TV,good,C6229665
2,own,3979,48,radio/TV,good,C5919930
2,own,6758,48,radio/TV,bad,C8526319
1,rent,3234,24,furniture/equipment,bad,C6067532
2,own,5954,30,radio/TV,good,C7827887
3,rent,5433,24,car,good,C5934046
1,own,806,15,business,good,C3755314
1,own,1082,9,radio/TV,good,C8440945
2,own,2788,15,furniture/equipment,good,C3928757
2,own,2930,12,radio/TV,good,C5772464
2,own,1927,24,education,good,C4031969
2,own,2820,36,car,bad,C3527487
1,own,937,24,education,good,C8640458
2,own,1056,18,car,bad,C2038425
1,own,3124,12,car,good,C2724566
2,rent,1388,9,furniture/equipment,good,C7334761
1,rent,2384,36,repairs,bad,C7339257
3,free,2133,12,car,good,C7541287
2,rent,2039,18,furniture/equipment,bad,C6519036
2,rent,2799,9,car,good,C2913840
1,own,1289,12,furniture/equipment,good,C4331332
1,own,1217,18,domestic appliances,bad,C2525744
2,own,2246,12,furniture/equipment,bad,C5626911
1,own,385,12,radio/TV,good,C3462261
2,rent,1965,24,car,good,C5442338
1,own,1572,21,business,good,C4030845
1,rent,2718,24,car,bad,C7931021
3,own,1358,24,vacation/others,bad,C1117435
1,own,931,6,car,bad,C3428683
2,rent,1442,24,car,bad,C3014084
1,own,4241,24,business,bad,C8523956
2,own,2775,18,car,bad,C5816767
2,free,3863,24,business,good,C3830279
2,own,2329,7,radio/TV,good,C8118589
2,own,918,9,furniture/equipment,bad,C6593037
1,free,1837,24,education,bad,C4099744
3,own,3349,36,furniture/equipment,bad,C3032588
2,own,1275,10,furniture/equipment,good,C6437255
2,own,2828,24,furniture/equipment,good,C8619560
3,own,4526,24,business,good,C3417412
2,free,2671,36,radio/TV,bad,C4993783
2,own,2051,18,radio/TV,good,C3819484
2,free,1300,15,car,good,C6436989
2,own,741,12,domestic appliances,bad,C5923158
1,free,1240,10,car,bad,C3435244
2,own,3357,21,radio/TV,good,C3249744
2,rent,3632,24,car,good,C5611973
2,own,1808,18,furniture/equipment,bad,C4636542
3,own,12204,48,business,good,C2113650
3,free,9157,60,radio/TV,good,C5521868
2,rent,3676,6,car,good,C8231751
2,rent,3441,30,furniture/equipment,bad,C6181033
1,own,640,12,car,good,C2783659
2,own,3652,21,business,good,C3886589
2,own,1530,18,car,bad,C4516345
2,own,3914,48,business,bad,C2172686
2,rent,1858,12,furniture/equipment,good,C5019451
2,free,2600,18,radio/TV,bad,C4428273
2,own,1979,15,radio/TV,good,C2831643
2,own,2116,6,furniture/equipment,good,C4820112
2,own,1437,9,car,bad,C4614324
2,own,4042,42,furniture/equipment,good,C8711956
1,own,3832,9,education,good,C4633722
2,own,3660,24,radio/TV,good,C3017642
2,own,1553,18,furniture/equipment,bad,C5426537
2,own,1444,15,radio/TV,good,C2431624
2,rent,1980,9,furniture/equipment,bad,C5472751
1,own,1355,24,car,bad,C3930647
2,own,1393,12,education,good,C4924046
2,own,1376,24,radio/TV,good,C6827653
2,own,15653,60,radio/TV,good,C1024671
2,own,1493,12,radio/TV,good,C5324836
2,own,4370,42,radio/TV,bad,C1299829
0,own,750,18,education,bad,C1721564
1,own,1308,15,repairs,good,C4130922
3,own,4623,15,education,bad,C2957930
2,own,1851,24,radio/TV,good,C2218463
3,own,1880,18,radio/TV,good,C1022465
2,rent,7980,36,business,bad,C5330952
2,own,4583,30,furniture/equipment,good,C3435642
2,own,1386,12,car,bad,C1323415
2,free,947,24,car,bad,C4912940
1,rent,684,12,education,bad,C7119065
3,free,7476,48,education,good,C6979411
1,own,1922,12,furniture/equipment,bad,C4523286
2,own,2303,24,car,bad,C3128524
3,own,8086,36,car,bad,C6679546
2,own,2346,24,car,good,C4134728
2,free,3973,14,car,good,C6432362
1,own,888,12,car,bad,C1253678
2,own,10222,48,radio/TV,good,C8032848
2,own,4221,30,business,good,C1630319
2,own,6361,18,furniture/equipment,good,C8326611
2,rent,1297,12,radio/TV,good,C8431577
2,own,900,12,car,bad,C3199819
2,own,2241,21,furniture/equipment,good,C6312413
3,own,1050,6,furniture/equipment,good,C7722422
1,own,1047,6,education,good,C6631557
3,own,6314,24,vacation/others,good,C7535754
2,own,3496,30,furniture/equipment,good,C1735473
2,own,3609,48,business,good,C8932791
2,rent,4843,12,car,bad,C8024864
2,own,3017,30,radio/TV,good,C2767878
1,own,4139,24,business,good,C7087447
2,own,5742,36,business,good,C3836532
3,own,10366,60,car,good,C2426229
2,own,2080,6,car,good,C5552136
1,own,2580,21,business,bad,C3922566
3,rent,4530,30,radio/TV,good,C4712744
2,own,5150,24,furniture/equipment,good,C4637928
2,own,5595,72,radio/TV,bad,C6563432
1,rent,2384,24,radio/TV,good,C5121835
2,own,1453,18,radio/TV,good,C2633524
2,own,1538,6,education,good,C3780323
2,free,2279,12,radio/TV,good,C6412646
2,own,1478,15,radio/TV,good,C7536882
2,free,5103,24,radio/TV,good,C8417988
1,own,9857,36,business,good,C5557859
2,free,6527,60,car,good,C5326187
2,own,1347,10,radio/TV,good,C8266116
2,free,2862,36,car,good,C7125117
2,own,2753,9,radio/TV,good,C3444149
2,own,3651,12,car,good,C8421053
2,own,975,15,furniture/equipment,good,C4831249
1,own,2631,15,repairs,good,C8242550
2,own,2896,24,radio/TV,good,C5746364
1,own,4716,6,car,good,C7534934
2,own,2284,24,radio/TV,good,C5692415
2,rent,1236,6,car,good,C4515836
2,own,1103,12,radio/TV,good,C7510670
0,own,926,12,car,good,C7617935
2,own,1800,18,radio/TV,good,C2227989
3,rent,1905,15,education,good,C6425619
1,rent,1123,12,furniture/equipment,bad,C1427982
2,free,6331,48,car,bad,C3522356
2,free,1377,24,radio/TV,good,C2526082
2,own,2503,30,business,good,C1116934
2,own,2528,27,business,good,C4920431
2,free,5324,15,car,good,C7431136
2,own,6560,48,car,bad,C8913315
2,rent,2969,12,furniture/equipment,bad,C7183218
2,own,1206,9,radio/TV,good,C2372829
1,own,2118,9,radio/TV,good,C8730660
3,own,629,18,radio/TV,good,C9039454
2,free,1198,6,education,bad,C5742039
3,own,2476,21,car,good,C8512329
1,own,1138,9,radio/TV,good,C3037273
3,own,14027,60,car,bad,C2139120
2,own,7596,30,car,good,C4933192
2,own,3077,30,radio/TV,good,C3983085
3,free,1505,18,radio/TV,good,C5022360
2,own,3148,24,radio/TV,good,C2019751
2,own,6148,20,car,good,C9047255
3,own,1337,9,radio/TV,bad,C6634445
2,rent,433,6,education,bad,C8144011
1,own,1228,12,car,bad,C1411017
1,own,790,9,radio/TV,good,C2610215
2,rent,2570,27,car,bad,C2354936
1,own,250,6,car,good,C4225054
1,own,1316,15,radio/TV,good,C8819925
2,rent,1882,18,radio/TV,bad,C5623519
2,rent,6416,48,business,bad,C5352328
2,own,1275,24,business,good,C8233532
2,own,6403,24,radio/TV,good,C3711332
1,rent,1987,24,radio/TV,bad,C1136669
1,own,760,8,radio/TV,good,C7011761
2,rent,2603,24,car,good,C3033424
2,own,3380,4,car,good,C9022544
0,own,3990,36,domestic appliances,good,C6038948
3,rent,11560,24,car,bad,C6290081
1,own,4380,18,car,good,C6242290
3,own,6761,6,car,good,C6417677
1,rent,4280,30,business,bad,C7916826
2,own,2325,24,car,good,C7735483
1,own,1048,10,radio/TV,good,C5013132
2,own,3160,21,radio/TV,good,C6718635
2,own,2483,24,furniture/equipment,good,C2037424
3,own,14179,39,furniture/equipment,good,C8321043
1,own,1797,13,business,good,C7815134
2,rent,2511,15,car,good,C4726923
1,own,1274,12,car,bad,C5027957
2,own,5248,21,car,good,C4021767
2,own,3029,15,car,good,C5012019
2,own,428,6,furniture/equipment,good,C2529791
1,own,976,18,car,bad,C2867356
1,rent,841,12,business,good,C3036742
2,own,5771,30,radio/TV,good,C4214568
2,free,1555,12,repairs,bad,C4625557
2,rent,1285,24,car,bad,C6541152
0,own,1299,6,car,good,C6136135
2,free,1271,15,radio/TV,bad,C3116580
2,own,1393,24,car,good,C8429934
2,own,691,12,car,bad,C6917320
2,own,5045,15,car,good,C8019368
2,rent,2124,18,furniture/equipment,bad,C4714257
1,own,2214,12,radio/TV,good,C1539088
3,free,12680,21,car,bad,C6334358
2,own,2463,24,car,good,C2233666
1,own,1155,12,radio/TV,good,C2130831
1,own,3108,30,furniture/equipment,bad,C1525579
2,rent,2901,10,car,good,C9031569
2,rent,3617,12,furniture/equipment,good,C5926924
1,own,1655,12,radio/TV,good,C7948122
2,rent,2812,24,car,good,C6180991
3,own,8065,36,education,bad,C6721738
3,own,3275,21,car,good,C5418446
2,own,2223,24,radio/TV,good,C6810386
0,free,1480,12,car,good,C1817815
2,rent,1371,24,car,bad,C8620855
2,own,3535,36,car,good,C8036083
2,own,3509,18,radio/TV,good,C3748058
3,own,5711,36,car,good,C7019737
2,own,3872,18,repairs,good,C1041911
2,own,4933,39,radio/TV,bad,C5541281
2,own,1940,24,car,good,C8641545
1,own,1410,12,education,good,C7333287
1,own,836,12,car,bad,C2440349
3,own,6468,20,car,good,C1429337
1,own,1941,18,business,good,C8052823
2,own,2675,22,radio/TV,good,C2563367
2,own,2751,48,car,good,C7029226
2,free,6224,48,education,bad,C4622437
2,own,5998,40,education,bad,C7351132
2,own,1188,21,business,bad,C5740087
3,own,6313,24,car,good,C8612219
2,own,1221,6,furniture/equipment,good,C3140651
2,free,2892,24,furniture/equipment,good,C4614835
2,rent,3062,24,furniture/equipment,good,C7930241
2,rent,2301,9,furniture/equipment,good,C8529476
2,free,7511,18,car,bad,C2638351
1,rent,1258,12,furniture/equipment,good,C5519788
2,own,717,24,car,good,C5744479
0,own,1549,9,car,good,C7535646
2,free,1597,24,education,good,C3026842
1,rent,1795,18,radio/TV,good,C6812532
2,own,4272,20,furniture/equipment,good,C5615930
2,own,976,12,radio/TV,good,C5826384
0,rent,7472,12,car,good,C2930972
2,own,9271,36,car,bad,C3125273
1,own,590,6,radio/TV,good,C2615444
2,own,930,12,radio/TV,good,C5642335
3,free,9283,42,car,good,C3022532
0,rent,1778,15,car,bad,C4021562
2,own,907,8,business,good,C7323936
1,own,484,6,radio/TV,good,C1172085
2,own,9629,36,car,bad,C3936857
2,own,3051,48,domestic appliances,bad,C8326489
2,free,3931,48,car,bad,C5292626
2,rent,7432,36,car,good,C4382821
2,own,1338,6,domestic appliances,good,C1793418
2,rent,1554,6,radio/TV,good,C3347632
3,own,15857,36,vacation/others,good,C3028382
2,own,1345,18,radio/TV,bad,C8823938
2,own,1101,12,car,good,C2377483
2,own,3016,12,radio/TV,good,C7513487
2,own,2712,36,furniture/equipment,bad,C8266145
1,own,731,8,car,good,C6067657
3,own,3780,18,furniture/equipment,good,C8211883
2,own,1602,21,car,good,C1641813
2,rent,3966,18,car,bad,C2738538
2,own,4165,18,business,bad,C4215344
2,free,8335,36,car,bad,C7952240
2,free,6681,48,business,good,C6231073
2,own,2375,24,business,good,C4122691
2,rent,1216,18,car,bad,C3214234
2,rent,11816,45,business,bad,C7314411
2,own,5084,24,radio/TV,good,C4541954
1,own,2327,15,radio/TV,bad,C7224445
2,own,1082,12,car,bad,C4115773
2,own,886,12,radio/TV,good,C7430369
1,rent,601,4,furniture/equipment,good,C8036151
2,own,2957,24,car,good,C1321833
2,own,2611,24,radio/TV,good,C4417069
2,own,5179,36,furniture/equipment,bad,C7570456
1,own,2993,21,car,good,C5320820
2,own,1943,18,repairs,bad,C5938936
2,own,1559,24,business,good,C1229090
2,own,3422,18,furniture/equipment,good,C6916731
2,own,3976,21,furniture/equipment,good,C1218924
2,rent,6761,18,car,bad,C1117226
2,own,1249,24,car,good,C7591082
2,own,1364,9,radio/TV,good,C7138448
1,own,709,12,radio/TV,bad,C1822543
2,rent,2235,20,car,bad,C7119728
2,own,4042,24,car,good,C2939821
2,free,1471,15,radio/TV,good,C6141082
1,free,1442,18,car,bad,C8030634
2,own,10875,36,car,good,C3027918
2,own,1474,24,car,good,C5124535
2,own,894,10,education,good,C7412939
2,free,3343,15,furniture/equipment,good,C5140415
2,own,3959,15,car,bad,C3641321
2,rent,3577,9,car,good,C8321571
2,own,5804,24,car,good,C2710379
2,own,2169,18,business,bad,C7732335
2,own,2439,24,radio/TV,bad,C4212770
1,own,4526,27,furniture/equipment,good,C8619142
1,rent,2210,10,furniture/equipment,bad,C5019231
2,rent,2221,15,furniture/equipment,good,C5525122
2,own,2389,18,radio/TV,good,C3198272
2,own,3331,12,furniture/equipment,good,C1224269
2,own,7409,36,business,good,C5418013
2,rent,652,12,furniture/equipment,good,C2811448
2,own,7678,36,furniture/equipment,good,C7624788
2,own,1343,6,car,good,C7654126
2,own,1382,24,business,good,C1727873
2,own,874,15,domestic appliances,good,C3942861
1,own,3590,12,furniture/equipment,good,C6424636
2,own,1322,11,car,good,C6634320
3,free,1940,18,radio/TV,good,C2937590
2,own,3595,36,radio/TV,good,C1687840
3,free,1422,9,car,bad,C7820138
2,own,6742,30,radio/TV,good,C8320451
3,own,7814,24,car,good,C3699384
2,free,9277,24,car,good,C5194850
2,own,2181,30,car,good,C7013784
0,own,1098,18,radio/TV,good,C3498424
2,own,4057,24,furniture/equipment,bad,C2828186
2,own,795,12,education,bad,C6836313
2,own,2825,24,business,good,C2946656
2,own,15672,48,business,bad,C5832313
3,own,6614,36,car,good,C5021211
2,rent,7824,28,car,good,C4123367
3,own,2442,27,business,good,C4627891
2,own,1829,15,radio/TV,good,C1637018
1,own,2171,12,car,good,C7313985
2,own,5800,36,car,good,C8538874
2,own,1169,18,radio/TV,good,C6019950
3,own,8947,36,car,good,C2023273
3,rent,2606,21,radio/TV,good,C7419227
2,own,1592,12,furniture/equipment,good,C6850048
1,rent,2186,15,furniture/equipment,good,C5321084
2,own,4153,18,furniture/equipment,bad,C8527767
2,rent,2625,16,car,bad,C1734632
2,own,3485,20,car,good,C7237184
2,free,10477,36,car,good,C7623060
2,rent,1386,15,radio/TV,good,C2615479
3,own,1278,24,radio/TV,good,C5934246
3,rent,1107,12,radio/TV,good,C8114615
1,own,3763,21,car,good,C3541681
2,own,3711,36,education,good,C2842847
1,own,3594,15,car,good,C5830812
1,own,3195,9,car,good,C6838176
2,own,4454,36,radio/TV,good,C4329375
1,own,4736,24,furniture/equipment,bad,C2322771
2,own,2991,30,radio/TV,good,C8625278
2,own,2142,11,business,good,C6142975
2,rent,3161,24,business,bad,C3225264
3,own,18424,48,vacation/others,bad,C1140931
2,own,2848,10,car,good,C6533234
3,own,14896,6,car,bad,C8829051
2,own,2359,24,furniture/equipment,bad,C4326340
3,rent,3345,24,furniture/equipment,bad,C1892721
2,own,1817,18,furniture/equipment,good,C4622165
3,own,12749,48,radio/TV,good,C3721340
2,rent,1366,9,radio/TV,bad,C1629890
2,rent,2002,12,car,good,C1832447
2,own,6872,24,furniture/equipment,bad,C8812066
2,own,697,12,car,bad,C4511934
2,rent,1049,18,furniture/equipment,good,C7086529
2,free,10297,48,car,bad,C6234167
2,own,1867,30,radio/TV,good,C6916511
1,own,1344,12,car,good,C8362942
1,own,1747,24,furniture/equipment,good,C3266153
2,own,1670,9,radio/TV,bad,C5326514
2,own,1224,9,car,good,C8030121
2,own,522,12,radio/TV,good,C8712790
2,own,1498,12,radio/TV,good,C4714319
3,own,1919,30,radio/TV,bad,C1928171
1,own,745,9,radio/TV,bad,C9015043
3,rent,2063,6,radio/TV,good,C4042979
2,free,6288,60,education,bad,C2911442
3,own,6842,24,car,good,C4324313
3,own,3527,12,car,good,C2641912
1,own,1546,10,car,good,C3418242
2,own,929,24,furniture/equipment,good,C7310636
1,own,1455,4,car,good,C8336457
2,rent,1845,15,furniture/equipment,good,C2835273
2,own,8358,48,car,good,C8676874
2,free,3349,24,furniture/equipment,bad,C1017590
3,own,2859,12,car,good,C6728626
1,own,1533,18,furniture/equipment,bad,C5218825
2,own,3621,24,radio/TV,bad,C5230359
0,own,3590,18,business,good,C3532364
2,own,2145,36,business,bad,C3632916
2,rent,4113,24,car,bad,C8715566
3,own,10974,36,furniture/equipment,bad,C8319783
2,own,1893,12,car,good,C7040732
3,rent,1231,24,radio/TV,good,C1430317
1,own,3656,30,radio/TV,good,C8522288
1,own,1154,9,radio/TV,good,C4526257
1,own,4006,28,car,bad,C4039158
2,free,3069,24,furniture/equipment,good,C5223146
2,rent,1740,6,radio/TV,good,C4414849
2,own,2353,21,car,good,C1214628
2,own,3556,15,car,good,C6518773
2,own,2397,24,radio/TV,bad,C7535750
1,own,454,6,repairs,good,C2211092
2,own,1715,30,radio/TV,good,C9023730
1,own,2520,27,radio/TV,bad,C8033738
3,rent,3568,15,radio/TV,good,C6939359
2,rent,7166,42,radio/TV,good,C3337442
1,own,3939,11,car,good,C4226946
2,own,1514,15,repairs,good,C6710526
1,own,7393,24,car,good,C1534073
0,rent,1193,24,car,bad,C5011939
2,rent,7297,60,business,bad,C7710782
2,own,2831,30,radio/TV,good,C7214658
1,own,1258,24,radio/TV,good,C7810529
2,own,753,6,radio/TV,good,C4521117
2,own,2427,18,business,good,C3521067
1,own,2538,24,car,bad,C8624260
2,rent,1264,15,car,bad,C1220560
2,own,8386,30,furniture/equipment,bad,C2621781
3,rent,4844,48,business,bad,C7419338
3,own,2923,21,car,good,C1022588
2,own,8229,36,car,bad,C4219029
1,own,2028,24,furniture/equipment,good,C1213426
2,rent,1433,15,furniture/equipment,good,C8189825
2,own,6289,42,business,good,C8940921
2,own,1409,13,radio/TV,good,C8719550
3,free,6579,24,car,good,C2225729
1,own,1743,24,radio/TV,good,C7027782
1,own,3565,12,education,good,C3268884
1,own,1569,15,radio/TV,good,C5141690
1,rent,1936,18,radio/TV,good,C8037314
3,own,3959,36,furniture/equipment,good,C6434911
2,own,2390,12,car,good,C4143025
1,own,1736,12,furniture/equipment,good,C1739283
3,own,3857,30,car,good,C8727225
2,own,804,12,radio/TV,good,C1736476
2,free,1845,45,radio/TV,bad,C1416248
2,own,4576,45,car,good,C1116684
